projectFile_id,name,location,size,date_created,completion
1,libero1,user/home/libero1.als,2088,1/8/2023,true
2,nisi2,user/home/nisi2.als,2827,1/4/2023,false
3,etiam3,user/home/etiam3.als,535,1/7/2023,false
4,urna4,user/home/urna4.als,913,1/2/2023,true
5,nunc5,user/home/nunc5.als,2723,1/5/2023,true
6,quisque6,user/home/quisque6.als,1369,1/8/2023,false
7,potenti7,user/home/potenti7.als,906,1/8/2023,true
8,ultricies8,user/home/ultricies8.als,629,1/9/2023,false
9,nec9,user/home/nec9.als,2842,1/7/2023,true
10,vulputate10,user/home/vulputate10.als,2562,1/9/2023,false
11,sociis11,user/home/sociis11.als,1334,1/5/2023,false
12,ipsum12,user/home/ipsum12.als,1230,1/6/2023,false
13,mauris13,user/home/mauris13.als,1288,1/8/2023,false
14,sed14,user/home/sed14.als,1059,1/5/2023,true
15,purus15,user/home/purus15.als,1807,1/6/2023,true
16,venenatis16,user/home/venenatis16.als,2828,1/6/2023,true
17,montes17,user/home/montes17.als,1086,1/7/2023,true
18,in18,user/home/in18.als,2793,1/5/2023,true
19,vivamus19,user/home/vivamus19.als,2880,1/3/2023,true
20,neque20,user/home/neque20.als,1305,1/7/2023,true
21,blandit21,user/home/blandit21.als,1118,1/4/2023,false
22,ipsum22,user/home/ipsum22.als,109,1/3/2023,true
23,lectus23,user/home/lectus23.als,1798,1/5/2023,true
24,iaculis24,user/home/iaculis24.als,192,1/8/2023,false
25,in25,user/home/in25.als,784,1/5/2023,true
26,nulla26,user/home/nulla26.als,981,1/3/2023,true
27,commodo27,user/home/commodo27.als,2742,1/1/2023,true
28,fusce28,user/home/fusce28.als,2816,1/5/2023,false
29,orci29,user/home/orci29.als,1993,1/9/2023,false
30,ipsum30,user/home/ipsum30.als,2701,1/4/2023,true
31,aliquam31,user/home/aliquam31.als,1612,1/6/2023,true
32,eu32,user/home/eu32.als,698,1/8/2023,false
33,volutpat33,user/home/volutpat33.als,2870,1/2/2023,false
34,ante34,user/home/ante34.als,2187,1/6/2023,false
35,sit35,user/home/sit35.als,2468,1/9/2023,false
36,dignissim36,user/home/dignissim36.als,1286,1/2/2023,false
37,ut37,user/home/ut37.als,2554,1/7/2023,true
38,phasellus38,user/home/phasellus38.als,1104,1/6/2023,false
39,felis39,user/home/felis39.als,330,1/3/2023,true
40,cubilia40,user/home/cubilia40.als,1008,1/7/2023,true
41,interdum41,user/home/interdum41.als,1989,1/6/2023,true
42,convallis42,user/home/convallis42.als,1983,1/6/2023,true
43,tincidunt43,user/home/tincidunt43.als,1846,1/7/2023,true
44,suscipit44,user/home/suscipit44.als,405,1/7/2023,false
45,ut45,user/home/ut45.als,1728,1/4/2023,true
46,diam46,user/home/diam46.als,2693,1/9/2023,true
47,pharetra47,user/home/pharetra47.als,885,1/5/2023,false
48,praesent48,user/home/praesent48.als,2200,1/1/2023,false
49,rhoncus49,user/home/rhoncus49.als,2559,1/9/2023,false
50,imperdiet50,user/home/imperdiet50.als,2609,1/4/2023,true
51,cursus51,user/home/cursus51.als,1352,1/8/2023,false
52,neque52,user/home/neque52.als,12,1/8/2023,true
53,turpis53,user/home/turpis53.als,2606,1/5/2023,true
54,enim54,user/home/enim54.als,1495,1/4/2023,true
55,magna55,user/home/magna55.als,594,1/6/2023,true
56,nibh56,user/home/nibh56.als,2662,1/8/2023,false
57,felis57,user/home/felis57.als,339,1/6/2023,true
58,elit58,user/home/elit58.als,111,1/3/2023,false
59,metus59,user/home/metus59.als,318,1/8/2023,false
60,semper60,user/home/semper60.als,2436,1/7/2023,true
61,est61,user/home/est61.als,834,1/8/2023,true
62,ut62,user/home/ut62.als,2855,1/6/2023,false
63,faucibus63,user/home/faucibus63.als,1772,1/4/2023,true
64,quam64,user/home/quam64.als,842,1/6/2023,false
65,turpis65,user/home/turpis65.als,2335,1/3/2023,true
66,arcu66,user/home/arcu66.als,1115,1/7/2023,true
67,cras67,user/home/cras67.als,671,1/8/2023,true
68,ante68,user/home/ante68.als,2852,1/4/2023,false
69,quam69,user/home/quam69.als,2166,1/6/2023,false
70,semper70,user/home/semper70.als,1830,1/8/2023,true
71,risus71,user/home/risus71.als,398,1/8/2023,true
72,magna72,user/home/magna72.als,1461,1/9/2023,true
73,proin73,user/home/proin73.als,879,1/5/2023,false
74,et74,user/home/et74.als,893,1/3/2023,false
75,morbi75,user/home/morbi75.als,2861,1/1/2023,false
76,blandit76,user/home/blandit76.als,2424,1/9/2023,true
77,diam77,user/home/diam77.als,1788,1/5/2023,false
78,enim78,user/home/enim78.als,2148,1/7/2023,true
79,in79,user/home/in79.als,790,1/1/2023,false
80,ultrices80,user/home/ultrices80.als,1315,1/4/2023,false
81,enim81,user/home/enim81.als,461,1/3/2023,false
82,nulla82,user/home/nulla82.als,1972,1/1/2023,true
83,in83,user/home/in83.als,2373,1/8/2023,true
84,vivamus84,user/home/vivamus84.als,2901,1/3/2023,false
85,lorem85,user/home/lorem85.als,1711,1/8/2023,true
86,nullam86,user/home/nullam86.als,1831,1/4/2023,true
87,ultrices87,user/home/ultrices87.als,1044,1/3/2023,false
88,vel88,user/home/vel88.als,658,1/1/2023,true
89,sem89,user/home/sem89.als,2361,1/1/2023,true
90,in90,user/home/in90.als,291,1/9/2023,true
91,vel91,user/home/vel91.als,2519,1/5/2023,true
92,quam92,user/home/quam92.als,317,1/3/2023,true
93,et93,user/home/et93.als,190,1/2/2023,false
94,in94,user/home/in94.als,957,1/1/2023,false
95,est95,user/home/est95.als,427,1/6/2023,true
96,massa96,user/home/massa96.als,2481,1/6/2023,true
97,duis97,user/home/duis97.als,178,1/1/2023,false
98,nascetur98,user/home/nascetur98.als,2085,1/1/2023,true
99,id99,user/home/id99.als,1690,1/4/2023,true
100,proin100,user/home/proin100.als,615,1/3/2023,true
101,eros101,user/home/eros101.als,959,1/1/2023,false
102,viverra102,user/home/viverra102.als,1141,1/2/2023,false
103,aliquam103,user/home/aliquam103.als,707,1/9/2023,false
104,sem104,user/home/sem104.als,2631,1/9/2023,false
105,in105,user/home/in105.als,784,1/9/2023,false
106,leo106,user/home/leo106.als,2449,1/4/2023,false
107,quam107,user/home/quam107.als,2707,1/6/2023,true
108,quis108,user/home/quis108.als,198,1/8/2023,false
109,odio109,user/home/odio109.als,1919,1/9/2023,true
110,vestibulum110,user/home/vestibulum110.als,2217,1/2/2023,true
111,massa111,user/home/massa111.als,1356,1/9/2023,false
112,ipsum112,user/home/ipsum112.als,550,1/1/2023,false
113,sed113,user/home/sed113.als,2137,1/9/2023,true
114,aliquam114,user/home/aliquam114.als,674,1/1/2023,true
115,arcu115,user/home/arcu115.als,2883,1/6/2023,false
116,congue116,user/home/congue116.als,2379,1/8/2023,false
117,erat117,user/home/erat117.als,2718,1/7/2023,true
118,sollicitudin118,user/home/sollicitudin118.als,1555,1/7/2023,true
119,volutpat119,user/home/volutpat119.als,2201,1/1/2023,true
120,morbi120,user/home/morbi120.als,2524,1/1/2023,false
121,rhoncus121,user/home/rhoncus121.als,2885,1/4/2023,true
122,lorem122,user/home/lorem122.als,1408,1/1/2023,true
123,curabitur123,user/home/curabitur123.als,1397,1/5/2023,true
124,pellentesque124,user/home/pellentesque124.als,1357,1/5/2023,true
125,vulputate125,user/home/vulputate125.als,2162,1/4/2023,false
126,odio126,user/home/odio126.als,2193,1/5/2023,false
127,bibendum127,user/home/bibendum127.als,2442,1/9/2023,true
128,lacinia128,user/home/lacinia128.als,1775,1/4/2023,false
129,sed129,user/home/sed129.als,2887,1/9/2023,true
130,massa130,user/home/massa130.als,443,1/1/2023,false
131,purus131,user/home/purus131.als,1767,1/8/2023,false
132,augue132,user/home/augue132.als,1156,1/3/2023,true
133,vestibulum133,user/home/vestibulum133.als,2294,1/1/2023,true
134,justo134,user/home/justo134.als,2399,1/2/2023,false
135,maecenas135,user/home/maecenas135.als,2488,1/7/2023,true
136,vitae136,user/home/vitae136.als,2676,1/7/2023,true
137,fusce137,user/home/fusce137.als,2945,1/1/2023,false
138,sagittis138,user/home/sagittis138.als,541,1/1/2023,true
139,lacinia139,user/home/lacinia139.als,2668,1/7/2023,false
140,quis140,user/home/quis140.als,2470,1/7/2023,false
141,dapibus141,user/home/dapibus141.als,1406,1/3/2023,true
142,sociis142,user/home/sociis142.als,2620,1/1/2023,false
143,metus143,user/home/metus143.als,772,1/5/2023,true
144,feugiat144,user/home/feugiat144.als,987,1/6/2023,false
145,sit145,user/home/sit145.als,2877,1/5/2023,true
146,dis146,user/home/dis146.als,1570,1/4/2023,true
147,arcu147,user/home/arcu147.als,1887,1/1/2023,false
148,molestie148,user/home/molestie148.als,1674,1/4/2023,false
149,volutpat149,user/home/volutpat149.als,2251,1/5/2023,true
150,aenean150,user/home/aenean150.als,1743,1/7/2023,true
151,nulla151,user/home/nulla151.als,1036,1/6/2023,true
152,tempus152,user/home/tempus152.als,443,1/9/2023,false
153,quam153,user/home/quam153.als,2004,1/2/2023,true
154,odio154,user/home/odio154.als,2785,1/5/2023,false
155,nec155,user/home/nec155.als,1792,1/6/2023,false
156,vestibulum156,user/home/vestibulum156.als,2492,1/6/2023,false
157,nibh157,user/home/nibh157.als,2699,1/4/2023,false
158,aenean158,user/home/aenean158.als,559,1/8/2023,false
159,tempus159,user/home/tempus159.als,2901,1/7/2023,false
160,libero160,user/home/libero160.als,1605,1/5/2023,true
161,aliquet161,user/home/aliquet161.als,2997,1/7/2023,true
162,nisi162,user/home/nisi162.als,2983,1/5/2023,true
163,ut163,user/home/ut163.als,126,1/3/2023,true
164,nulla164,user/home/nulla164.als,2685,1/4/2023,true
165,ultrices165,user/home/ultrices165.als,2440,1/1/2023,false
166,ridiculus166,user/home/ridiculus166.als,1123,1/6/2023,false
167,dui167,user/home/dui167.als,1897,1/2/2023,true
168,sed168,user/home/sed168.als,77,1/3/2023,false
169,lobortis169,user/home/lobortis169.als,1886,1/7/2023,false
170,purus170,user/home/purus170.als,2472,1/1/2023,false
171,ultricies171,user/home/ultricies171.als,1176,1/2/2023,false
172,vivamus172,user/home/vivamus172.als,2676,1/9/2023,true
173,nulla173,user/home/nulla173.als,2695,1/7/2023,true
174,potenti174,user/home/potenti174.als,1548,1/2/2023,true
175,eget175,user/home/eget175.als,1417,1/3/2023,false
176,et176,user/home/et176.als,671,1/5/2023,true
177,auctor177,user/home/auctor177.als,1519,1/9/2023,false
178,cum178,user/home/cum178.als,1922,1/3/2023,false
179,luctus179,user/home/luctus179.als,59,1/4/2023,true
180,tristique180,user/home/tristique180.als,87,1/2/2023,true
181,augue181,user/home/augue181.als,450,1/4/2023,true
182,semper182,user/home/semper182.als,18,1/5/2023,false
183,integer183,user/home/integer183.als,831,1/3/2023,false
184,pulvinar184,user/home/pulvinar184.als,2387,1/2/2023,true
185,a185,user/home/a185.als,1375,1/7/2023,false
186,tincidunt186,user/home/tincidunt186.als,1665,1/3/2023,true
187,non187,user/home/non187.als,2581,1/9/2023,false
188,vitae188,user/home/vitae188.als,2191,1/7/2023,true
189,mauris189,user/home/mauris189.als,1219,1/1/2023,true
190,tempus190,user/home/tempus190.als,2239,1/1/2023,false
191,morbi191,user/home/morbi191.als,1781,1/9/2023,true
192,nulla192,user/home/nulla192.als,1378,1/8/2023,true
193,morbi193,user/home/morbi193.als,1798,1/8/2023,true
194,varius194,user/home/varius194.als,2581,1/2/2023,false
195,nulla195,user/home/nulla195.als,503,1/2/2023,true
196,sed196,user/home/sed196.als,504,1/7/2023,true
197,dui197,user/home/dui197.als,2780,1/2/2023,false
198,ultrices198,user/home/ultrices198.als,2114,1/5/2023,false
199,in199,user/home/in199.als,2032,1/5/2023,false
200,sapien200,user/home/sapien200.als,1238,1/7/2023,true
201,fermentum201,user/home/fermentum201.als,324,1/5/2023,false
202,in202,user/home/in202.als,1227,1/4/2023,true
203,rhoncus203,user/home/rhoncus203.als,2259,1/5/2023,false
204,sed204,user/home/sed204.als,2770,1/6/2023,true
205,molestie205,user/home/molestie205.als,2594,1/1/2023,false
206,nascetur206,user/home/nascetur206.als,1365,1/7/2023,true
207,sapien207,user/home/sapien207.als,1266,1/8/2023,true
208,volutpat208,user/home/volutpat208.als,889,1/1/2023,false
209,orci209,user/home/orci209.als,493,1/3/2023,true
210,praesent210,user/home/praesent210.als,443,1/9/2023,false
211,neque211,user/home/neque211.als,2584,1/6/2023,false
212,posuere212,user/home/posuere212.als,71,1/3/2023,false
213,ut213,user/home/ut213.als,45,1/9/2023,false
214,vel214,user/home/vel214.als,2530,1/8/2023,true
215,rutrum215,user/home/rutrum215.als,2816,1/9/2023,true
216,aenean216,user/home/aenean216.als,1053,1/5/2023,false
217,posuere217,user/home/posuere217.als,791,1/7/2023,true
218,odio218,user/home/odio218.als,1957,1/5/2023,true
219,cursus219,user/home/cursus219.als,2603,1/1/2023,true
220,potenti220,user/home/potenti220.als,306,1/8/2023,false
221,cursus221,user/home/cursus221.als,1876,1/1/2023,false
222,suscipit222,user/home/suscipit222.als,1786,1/5/2023,false
223,in223,user/home/in223.als,2515,1/3/2023,true
224,leo224,user/home/leo224.als,1907,1/1/2023,false
225,enim225,user/home/enim225.als,1823,1/3/2023,true
226,ac226,user/home/ac226.als,2265,1/1/2023,true
227,vel227,user/home/vel227.als,296,1/3/2023,true
228,morbi228,user/home/morbi228.als,1901,1/5/2023,false
229,penatibus229,user/home/penatibus229.als,688,1/9/2023,false
230,nascetur230,user/home/nascetur230.als,560,1/9/2023,false
231,erat231,user/home/erat231.als,2760,1/7/2023,false
232,tortor232,user/home/tortor232.als,1797,1/8/2023,true
233,rutrum233,user/home/rutrum233.als,1856,1/1/2023,false
234,orci234,user/home/orci234.als,2879,1/2/2023,true
235,vel235,user/home/vel235.als,387,1/5/2023,true
236,vulputate236,user/home/vulputate236.als,800,1/7/2023,false
237,eros237,user/home/eros237.als,1403,1/9/2023,false
238,rutrum238,user/home/rutrum238.als,382,1/9/2023,true
239,adipiscing239,user/home/adipiscing239.als,811,1/1/2023,false
240,nonummy240,user/home/nonummy240.als,2651,1/7/2023,false
241,quam241,user/home/quam241.als,83,1/3/2023,false
242,libero242,user/home/libero242.als,2863,1/4/2023,false
243,nullam243,user/home/nullam243.als,1055,1/9/2023,false
244,rhoncus244,user/home/rhoncus244.als,2998,1/9/2023,true
245,odio245,user/home/odio245.als,1554,1/5/2023,false
246,quis246,user/home/quis246.als,818,1/4/2023,true
247,rutrum247,user/home/rutrum247.als,1092,1/8/2023,false
248,aliquam248,user/home/aliquam248.als,468,1/9/2023,false
249,lobortis249,user/home/lobortis249.als,928,1/5/2023,true
250,proin250,user/home/proin250.als,2875,1/3/2023,true
251,cursus251,user/home/cursus251.als,2167,1/2/2023,false
252,ligula252,user/home/ligula252.als,2564,1/2/2023,true
253,non253,user/home/non253.als,1847,1/7/2023,false
254,aliquam254,user/home/aliquam254.als,1912,1/4/2023,true
255,magna255,user/home/magna255.als,1510,1/2/2023,true
256,placerat256,user/home/placerat256.als,1342,1/1/2023,true
257,pellentesque257,user/home/pellentesque257.als,2286,1/3/2023,false
258,egestas258,user/home/egestas258.als,2193,1/6/2023,true
259,eu259,user/home/eu259.als,35,1/4/2023,true
260,aenean260,user/home/aenean260.als,2748,1/9/2023,true
261,turpis261,user/home/turpis261.als,1943,1/7/2023,false
262,maecenas262,user/home/maecenas262.als,2576,1/6/2023,false
263,pede263,user/home/pede263.als,2330,1/9/2023,false
264,sodales264,user/home/sodales264.als,2639,1/1/2023,true
265,dolor265,user/home/dolor265.als,2170,1/4/2023,false
266,nulla266,user/home/nulla266.als,2036,1/2/2023,false
267,turpis267,user/home/turpis267.als,2524,1/3/2023,true
268,suspendisse268,user/home/suspendisse268.als,187,1/8/2023,false
269,elementum269,user/home/elementum269.als,1155,1/8/2023,false
270,mus270,user/home/mus270.als,2660,1/6/2023,false
271,iaculis271,user/home/iaculis271.als,1118,1/4/2023,true
272,maecenas272,user/home/maecenas272.als,2857,1/2/2023,true
273,sapien273,user/home/sapien273.als,1590,1/3/2023,true
274,ut274,user/home/ut274.als,557,1/3/2023,true
275,luctus275,user/home/luctus275.als,1789,1/3/2023,false
276,velit276,user/home/velit276.als,154,1/6/2023,false
277,id277,user/home/id277.als,2888,1/9/2023,true
278,nunc278,user/home/nunc278.als,2713,1/2/2023,false
279,nisl279,user/home/nisl279.als,1256,1/6/2023,false
280,convallis280,user/home/convallis280.als,35,1/1/2023,true
281,pede281,user/home/pede281.als,950,1/4/2023,true
282,aliquam282,user/home/aliquam282.als,1141,1/1/2023,true
283,neque283,user/home/neque283.als,2801,1/9/2023,true
284,quam284,user/home/quam284.als,597,1/8/2023,false
285,quisque285,user/home/quisque285.als,1326,1/4/2023,false
286,mauris286,user/home/mauris286.als,697,1/9/2023,false
287,adipiscing287,user/home/adipiscing287.als,1546,1/7/2023,true
288,mi288,user/home/mi288.als,2061,1/1/2023,false
289,diam289,user/home/diam289.als,616,1/3/2023,false
290,hac290,user/home/hac290.als,363,1/6/2023,false
291,pellentesque291,user/home/pellentesque291.als,185,1/7/2023,true
292,pede292,user/home/pede292.als,4,1/8/2023,true
293,nisl293,user/home/nisl293.als,62,1/7/2023,true
294,lorem294,user/home/lorem294.als,1661,1/5/2023,true
295,lorem295,user/home/lorem295.als,1856,1/6/2023,false
296,lectus296,user/home/lectus296.als,1619,1/1/2023,false
297,dolor297,user/home/dolor297.als,1968,1/7/2023,false
298,placerat298,user/home/placerat298.als,96,1/9/2023,true
299,magna299,user/home/magna299.als,2042,1/8/2023,false
300,vestibulum300,user/home/vestibulum300.als,1390,1/2/2023,true
301,duis301,user/home/duis301.als,1535,1/8/2023,true
302,ut302,user/home/ut302.als,1071,1/7/2023,true
303,tempor303,user/home/tempor303.als,2915,1/8/2023,false
304,ut304,user/home/ut304.als,2551,1/8/2023,false
305,tellus305,user/home/tellus305.als,2478,1/4/2023,false
306,convallis306,user/home/convallis306.als,576,1/6/2023,false
307,sit307,user/home/sit307.als,199,1/7/2023,false
308,dui308,user/home/dui308.als,1126,1/6/2023,false
309,id309,user/home/id309.als,2977,1/4/2023,true
310,quis310,user/home/quis310.als,1037,1/3/2023,true
311,enim311,user/home/enim311.als,879,1/5/2023,true
312,consequat312,user/home/consequat312.als,711,1/5/2023,true
313,lobortis313,user/home/lobortis313.als,2179,1/2/2023,true
314,curabitur314,user/home/curabitur314.als,1112,1/2/2023,true
315,rhoncus315,user/home/rhoncus315.als,533,1/9/2023,false
316,consequat316,user/home/consequat316.als,2634,1/5/2023,false
317,mauris317,user/home/mauris317.als,2450,1/6/2023,false
318,sem318,user/home/sem318.als,2879,1/1/2023,false
319,curabitur319,user/home/curabitur319.als,554,1/1/2023,false
320,eget320,user/home/eget320.als,1751,1/9/2023,true
321,condimentum321,user/home/condimentum321.als,2833,1/2/2023,true
322,molestie322,user/home/molestie322.als,637,1/2/2023,true
323,venenatis323,user/home/venenatis323.als,2650,1/3/2023,false
324,magna324,user/home/magna324.als,730,1/2/2023,true
325,turpis325,user/home/turpis325.als,776,1/4/2023,true
326,primis326,user/home/primis326.als,1474,1/6/2023,true
327,congue327,user/home/congue327.als,1393,1/9/2023,true
328,iaculis328,user/home/iaculis328.als,175,1/3/2023,false
329,neque329,user/home/neque329.als,327,1/2/2023,false
330,purus330,user/home/purus330.als,473,1/3/2023,false
331,orci331,user/home/orci331.als,694,1/1/2023,true
332,morbi332,user/home/morbi332.als,1468,1/3/2023,true
333,quis333,user/home/quis333.als,2172,1/8/2023,true
334,nec334,user/home/nec334.als,489,1/5/2023,false
335,sapien335,user/home/sapien335.als,247,1/9/2023,true
336,non336,user/home/non336.als,448,1/4/2023,true
337,aliquam337,user/home/aliquam337.als,508,1/3/2023,true
338,id338,user/home/id338.als,220,1/7/2023,false
339,pede339,user/home/pede339.als,39,1/2/2023,false
340,primis340,user/home/primis340.als,1300,1/9/2023,false
341,vestibulum341,user/home/vestibulum341.als,1606,1/8/2023,true
342,dictumst342,user/home/dictumst342.als,2523,1/8/2023,false
343,platea343,user/home/platea343.als,478,1/1/2023,false
344,quis344,user/home/quis344.als,1888,1/3/2023,false
345,ligula345,user/home/ligula345.als,2493,1/9/2023,false
346,sapien346,user/home/sapien346.als,2098,1/6/2023,false
347,aliquet347,user/home/aliquet347.als,1502,1/9/2023,true
348,eget348,user/home/eget348.als,693,1/4/2023,false
349,platea349,user/home/platea349.als,2364,1/2/2023,false
350,faucibus350,user/home/faucibus350.als,2987,1/3/2023,false
351,vehicula351,user/home/vehicula351.als,2855,1/1/2023,false
352,id352,user/home/id352.als,2756,1/1/2023,true
353,dis353,user/home/dis353.als,1942,1/5/2023,true
354,vel354,user/home/vel354.als,1253,1/7/2023,true
355,venenatis355,user/home/venenatis355.als,2016,1/6/2023,true
356,fermentum356,user/home/fermentum356.als,1713,1/5/2023,true
357,nec357,user/home/nec357.als,1352,1/6/2023,true
358,pharetra358,user/home/pharetra358.als,1665,1/1/2023,false
359,quis359,user/home/quis359.als,480,1/7/2023,true
360,phasellus360,user/home/phasellus360.als,1836,1/1/2023,false
361,vestibulum361,user/home/vestibulum361.als,962,1/1/2023,true
362,lorem362,user/home/lorem362.als,181,1/9/2023,false
363,auctor363,user/home/auctor363.als,412,1/8/2023,true
364,tempor364,user/home/tempor364.als,498,1/8/2023,true
365,nisl365,user/home/nisl365.als,2260,1/2/2023,true
366,cursus366,user/home/cursus366.als,480,1/1/2023,true
367,elementum367,user/home/elementum367.als,1147,1/2/2023,true
368,quis368,user/home/quis368.als,2652,1/7/2023,false
369,laoreet369,user/home/laoreet369.als,2907,1/2/2023,false
370,in370,user/home/in370.als,318,1/7/2023,true
371,aenean371,user/home/aenean371.als,428,1/9/2023,false
372,elit372,user/home/elit372.als,563,1/4/2023,true
373,metus373,user/home/metus373.als,2309,1/6/2023,false
374,justo374,user/home/justo374.als,160,1/3/2023,false
375,in375,user/home/in375.als,586,1/3/2023,true
376,erat376,user/home/erat376.als,1140,1/8/2023,true
377,quis377,user/home/quis377.als,882,1/3/2023,true
378,sapien378,user/home/sapien378.als,1159,1/1/2023,false
379,turpis379,user/home/turpis379.als,1926,1/4/2023,false
380,imperdiet380,user/home/imperdiet380.als,2640,1/2/2023,false
381,vel381,user/home/vel381.als,2210,1/6/2023,false
382,molestie382,user/home/molestie382.als,1744,1/9/2023,true
383,et383,user/home/et383.als,1166,1/8/2023,true
384,convallis384,user/home/convallis384.als,1034,1/7/2023,false
385,pede385,user/home/pede385.als,1779,1/2/2023,false
386,neque386,user/home/neque386.als,970,1/3/2023,true
387,vivamus387,user/home/vivamus387.als,466,1/5/2023,true
388,nibh388,user/home/nibh388.als,45,1/3/2023,false
389,nullam389,user/home/nullam389.als,2613,1/8/2023,true
390,eu390,user/home/eu390.als,967,1/1/2023,true
391,faucibus391,user/home/faucibus391.als,1440,1/3/2023,false
392,quisque392,user/home/quisque392.als,1426,1/6/2023,true
393,non393,user/home/non393.als,333,1/2/2023,false
394,dapibus394,user/home/dapibus394.als,578,1/1/2023,false
395,ante395,user/home/ante395.als,634,1/2/2023,true
396,justo396,user/home/justo396.als,1464,1/3/2023,true
397,congue397,user/home/congue397.als,16,1/2/2023,true
398,lobortis398,user/home/lobortis398.als,1900,1/1/2023,false
399,in399,user/home/in399.als,561,1/3/2023,true
400,convallis400,user/home/convallis400.als,1502,1/4/2023,true
401,mi401,user/home/mi401.als,104,1/3/2023,false
402,at402,user/home/at402.als,1276,1/9/2023,true
403,mattis403,user/home/mattis403.als,1943,1/7/2023,true
404,nascetur404,user/home/nascetur404.als,2163,1/6/2023,true
405,aliquam405,user/home/aliquam405.als,510,1/3/2023,true
406,rhoncus406,user/home/rhoncus406.als,2055,1/6/2023,false
407,sapien407,user/home/sapien407.als,1827,1/3/2023,true
408,nulla408,user/home/nulla408.als,1041,1/8/2023,true
409,luctus409,user/home/luctus409.als,2987,1/6/2023,true
410,cursus410,user/home/cursus410.als,2451,1/7/2023,false
411,sed411,user/home/sed411.als,2158,1/1/2023,true
412,commodo412,user/home/commodo412.als,1598,1/9/2023,false
413,orci413,user/home/orci413.als,987,1/3/2023,false
414,vel414,user/home/vel414.als,2352,1/4/2023,false
415,nulla415,user/home/nulla415.als,1628,1/5/2023,false
416,amet416,user/home/amet416.als,2023,1/9/2023,true
417,aliquam417,user/home/aliquam417.als,2901,1/8/2023,false
418,orci418,user/home/orci418.als,2027,1/4/2023,true
419,ac419,user/home/ac419.als,1938,1/8/2023,false
420,convallis420,user/home/convallis420.als,746,1/9/2023,false
421,ac421,user/home/ac421.als,1500,1/5/2023,false
422,orci422,user/home/orci422.als,1726,1/9/2023,true
423,dapibus423,user/home/dapibus423.als,171,1/6/2023,true
424,vulputate424,user/home/vulputate424.als,2983,1/2/2023,true
425,dolor425,user/home/dolor425.als,1410,1/9/2023,true
426,vulputate426,user/home/vulputate426.als,1138,1/8/2023,false
427,orci427,user/home/orci427.als,2866,1/7/2023,true
428,ultrices428,user/home/ultrices428.als,498,1/3/2023,false
429,suspendisse429,user/home/suspendisse429.als,115,1/4/2023,false
430,vehicula430,user/home/vehicula430.als,853,1/8/2023,true
431,vulputate431,user/home/vulputate431.als,2811,1/4/2023,false
432,curae432,user/home/curae432.als,2893,1/2/2023,false
433,quis433,user/home/quis433.als,1944,1/7/2023,true
434,sollicitudin434,user/home/sollicitudin434.als,1677,1/9/2023,true
435,orci435,user/home/orci435.als,2785,1/9/2023,false
436,varius436,user/home/varius436.als,367,1/8/2023,false
437,in437,user/home/in437.als,125,1/5/2023,false
438,etiam438,user/home/etiam438.als,1625,1/5/2023,false
439,amet439,user/home/amet439.als,2470,1/2/2023,false
440,nulla440,user/home/nulla440.als,2730,1/9/2023,false
441,phasellus441,user/home/phasellus441.als,96,1/2/2023,false
442,ultrices442,user/home/ultrices442.als,1387,1/2/2023,true
443,sapien443,user/home/sapien443.als,2282,1/4/2023,true
444,integer444,user/home/integer444.als,2968,1/3/2023,true
445,duis445,user/home/duis445.als,1529,1/8/2023,false
446,ipsum446,user/home/ipsum446.als,7,1/3/2023,false
447,nulla447,user/home/nulla447.als,1940,1/9/2023,false
448,id448,user/home/id448.als,2145,1/7/2023,true
449,platea449,user/home/platea449.als,1189,1/7/2023,true
450,ligula450,user/home/ligula450.als,597,1/6/2023,false
451,tortor451,user/home/tortor451.als,2386,1/3/2023,false
452,odio452,user/home/odio452.als,1786,1/4/2023,true
453,bibendum453,user/home/bibendum453.als,2454,1/1/2023,false
454,hac454,user/home/hac454.als,1961,1/8/2023,true
455,ac455,user/home/ac455.als,2475,1/5/2023,true
456,ullamcorper456,user/home/ullamcorper456.als,19,1/2/2023,true
457,erat457,user/home/erat457.als,2645,1/1/2023,true
458,justo458,user/home/justo458.als,2827,1/2/2023,false
459,nullam459,user/home/nullam459.als,2752,1/1/2023,false
460,vulputate460,user/home/vulputate460.als,2993,1/7/2023,true
461,tempor461,user/home/tempor461.als,15,1/7/2023,true
462,volutpat462,user/home/volutpat462.als,2823,1/1/2023,true
463,potenti463,user/home/potenti463.als,2372,1/3/2023,true
464,porttitor464,user/home/porttitor464.als,2707,1/3/2023,false
465,ut465,user/home/ut465.als,2764,1/8/2023,false
466,vivamus466,user/home/vivamus466.als,1117,1/3/2023,false
467,sapien467,user/home/sapien467.als,2527,1/9/2023,true
468,habitasse468,user/home/habitasse468.als,1905,1/5/2023,true
469,luctus469,user/home/luctus469.als,1162,1/8/2023,false
470,vivamus470,user/home/vivamus470.als,2536,1/6/2023,true
471,sagittis471,user/home/sagittis471.als,506,1/3/2023,false
472,nullam472,user/home/nullam472.als,2871,1/4/2023,true
473,diam473,user/home/diam473.als,1328,1/8/2023,true
474,congue474,user/home/congue474.als,1474,1/1/2023,true
475,et475,user/home/et475.als,164,1/7/2023,false
476,praesent476,user/home/praesent476.als,161,1/8/2023,false
477,massa477,user/home/massa477.als,1315,1/3/2023,false
478,diam478,user/home/diam478.als,813,1/5/2023,true
479,ligula479,user/home/ligula479.als,2948,1/2/2023,true
480,quis480,user/home/quis480.als,143,1/5/2023,true
481,risus481,user/home/risus481.als,301,1/6/2023,true
482,sollicitudin482,user/home/sollicitudin482.als,2655,1/8/2023,false
483,eget483,user/home/eget483.als,2388,1/7/2023,true
484,nisl484,user/home/nisl484.als,880,1/8/2023,false
485,eu485,user/home/eu485.als,140,1/6/2023,false
486,vitae486,user/home/vitae486.als,2855,1/3/2023,true
487,sit487,user/home/sit487.als,1281,1/3/2023,false
488,dui488,user/home/dui488.als,1184,1/6/2023,true
489,ac489,user/home/ac489.als,306,1/7/2023,true
490,ipsum490,user/home/ipsum490.als,1909,1/2/2023,false
491,arcu491,user/home/arcu491.als,2216,1/2/2023,false
492,proin492,user/home/proin492.als,2016,1/6/2023,false
493,cum493,user/home/cum493.als,1861,1/7/2023,false
494,quam494,user/home/quam494.als,2914,1/2/2023,true
495,nisi495,user/home/nisi495.als,1883,1/5/2023,true
496,blandit496,user/home/blandit496.als,2532,1/2/2023,false
497,nullam497,user/home/nullam497.als,2986,1/7/2023,true
498,quisque498,user/home/quisque498.als,23,1/1/2023,true
499,maecenas499,user/home/maecenas499.als,2903,1/5/2023,false
500,diam500,user/home/diam500.als,1961,1/6/2023,false
501,orci501,user/home/orci501.als,2477,1/5/2023,false
502,felis502,user/home/felis502.als,1683,1/3/2023,false
503,semper503,user/home/semper503.als,2860,1/7/2023,true
504,turpis504,user/home/turpis504.als,32,1/4/2023,true
505,odio505,user/home/odio505.als,1762,1/3/2023,false
506,venenatis506,user/home/venenatis506.als,2507,1/6/2023,false
507,ultrices507,user/home/ultrices507.als,2001,1/9/2023,false
508,amet508,user/home/amet508.als,1178,1/6/2023,false
509,duis509,user/home/duis509.als,1179,1/4/2023,false
510,ipsum510,user/home/ipsum510.als,2691,1/6/2023,false
511,id511,user/home/id511.als,795,1/3/2023,true
512,phasellus512,user/home/phasellus512.als,654,1/4/2023,true
513,nulla513,user/home/nulla513.als,2314,1/8/2023,false
514,pellentesque514,user/home/pellentesque514.als,1419,1/4/2023,true
515,sed515,user/home/sed515.als,2108,1/2/2023,true
516,blandit516,user/home/blandit516.als,463,1/9/2023,true
517,dui517,user/home/dui517.als,45,1/3/2023,false
518,congue518,user/home/congue518.als,732,1/5/2023,true
519,felis519,user/home/felis519.als,2490,1/7/2023,false
520,diam520,user/home/diam520.als,2599,1/3/2023,true
521,in521,user/home/in521.als,1861,1/2/2023,true
522,dui522,user/home/dui522.als,1326,1/7/2023,false
523,erat523,user/home/erat523.als,2007,1/8/2023,true
524,in524,user/home/in524.als,1445,1/6/2023,true
525,morbi525,user/home/morbi525.als,958,1/2/2023,true
526,vestibulum526,user/home/vestibulum526.als,2423,1/8/2023,false
527,dui527,user/home/dui527.als,273,1/1/2023,true
528,et528,user/home/et528.als,1368,1/7/2023,false
529,at529,user/home/at529.als,1683,1/5/2023,false
530,consectetuer530,user/home/consectetuer530.als,1176,1/2/2023,false
531,orci531,user/home/orci531.als,1675,1/4/2023,false
532,hac532,user/home/hac532.als,268,1/3/2023,true
533,etiam533,user/home/etiam533.als,750,1/7/2023,true
534,hac534,user/home/hac534.als,2845,1/9/2023,true
535,morbi535,user/home/morbi535.als,1460,1/9/2023,false
536,eget536,user/home/eget536.als,2511,1/5/2023,true
537,odio537,user/home/odio537.als,2681,1/5/2023,true
538,ultrices538,user/home/ultrices538.als,1698,1/4/2023,true
539,curae539,user/home/curae539.als,1612,1/9/2023,true
540,quam540,user/home/quam540.als,2350,1/4/2023,true
541,vestibulum541,user/home/vestibulum541.als,1899,1/9/2023,false
542,rhoncus542,user/home/rhoncus542.als,2067,1/8/2023,true
543,est543,user/home/est543.als,700,1/8/2023,true
544,id544,user/home/id544.als,2951,1/3/2023,true
545,amet545,user/home/amet545.als,812,1/3/2023,true
546,ultrices546,user/home/ultrices546.als,2180,1/1/2023,true
547,aenean547,user/home/aenean547.als,331,1/6/2023,true
548,sit548,user/home/sit548.als,1543,1/6/2023,true
549,nam549,user/home/nam549.als,711,1/7/2023,true
550,venenatis550,user/home/venenatis550.als,2278,1/1/2023,false
551,lectus551,user/home/lectus551.als,407,1/4/2023,true
552,vel552,user/home/vel552.als,1344,1/9/2023,true
553,dignissim553,user/home/dignissim553.als,309,1/9/2023,true
554,posuere554,user/home/posuere554.als,1930,1/5/2023,false
555,venenatis555,user/home/venenatis555.als,1523,1/6/2023,true
556,volutpat556,user/home/volutpat556.als,2745,1/9/2023,true
557,quam557,user/home/quam557.als,1445,1/7/2023,true
558,tortor558,user/home/tortor558.als,1495,1/5/2023,false
559,leo559,user/home/leo559.als,1413,1/2/2023,false
560,ultrices560,user/home/ultrices560.als,862,1/6/2023,true
561,tempus561,user/home/tempus561.als,1389,1/5/2023,false
562,non562,user/home/non562.als,2877,1/4/2023,false
563,pellentesque563,user/home/pellentesque563.als,2477,1/8/2023,false
564,sit564,user/home/sit564.als,2585,1/7/2023,false
565,consectetuer565,user/home/consectetuer565.als,143,1/3/2023,true
566,quam566,user/home/quam566.als,72,1/8/2023,false
567,rhoncus567,user/home/rhoncus567.als,1475,1/4/2023,false
568,etiam568,user/home/etiam568.als,1061,1/6/2023,true
569,molestie569,user/home/molestie569.als,2544,1/6/2023,false
570,nisi570,user/home/nisi570.als,348,1/5/2023,true
571,felis571,user/home/felis571.als,612,1/3/2023,true
572,diam572,user/home/diam572.als,202,1/8/2023,false
573,mauris573,user/home/mauris573.als,526,1/7/2023,true
574,suscipit574,user/home/suscipit574.als,1411,1/2/2023,false
575,curae575,user/home/curae575.als,1557,1/8/2023,false
576,ante576,user/home/ante576.als,165,1/3/2023,true
577,ullamcorper577,user/home/ullamcorper577.als,625,1/2/2023,true
578,at578,user/home/at578.als,2434,1/3/2023,false
579,pellentesque579,user/home/pellentesque579.als,1520,1/4/2023,true
580,elit580,user/home/elit580.als,1435,1/5/2023,false
581,sit581,user/home/sit581.als,2382,1/9/2023,true
582,morbi582,user/home/morbi582.als,781,1/7/2023,true
583,suspendisse583,user/home/suspendisse583.als,1763,1/2/2023,false
584,libero584,user/home/libero584.als,2518,1/1/2023,true
585,sem585,user/home/sem585.als,798,1/1/2023,false
586,ipsum586,user/home/ipsum586.als,350,1/2/2023,false
587,vel587,user/home/vel587.als,2825,1/3/2023,true
588,vulputate588,user/home/vulputate588.als,1361,1/3/2023,false
589,rutrum589,user/home/rutrum589.als,384,1/9/2023,true
590,sapien590,user/home/sapien590.als,2863,1/8/2023,true
591,vitae591,user/home/vitae591.als,1323,1/6/2023,true
592,duis592,user/home/duis592.als,700,1/5/2023,false
593,mattis593,user/home/mattis593.als,2479,1/5/2023,true
594,ultrices594,user/home/ultrices594.als,521,1/7/2023,true
595,sapien595,user/home/sapien595.als,383,1/6/2023,false
596,consequat596,user/home/consequat596.als,2310,1/9/2023,true
597,massa597,user/home/massa597.als,1691,1/8/2023,true
598,bibendum598,user/home/bibendum598.als,1228,1/9/2023,false
599,imperdiet599,user/home/imperdiet599.als,1030,1/8/2023,false
600,erat600,user/home/erat600.als,536,1/1/2023,false
601,elementum601,user/home/elementum601.als,1100,1/2/2023,true
602,duis602,user/home/duis602.als,2138,1/4/2023,false
603,sodales603,user/home/sodales603.als,2951,1/2/2023,false
604,orci604,user/home/orci604.als,2620,1/6/2023,true
605,ultrices605,user/home/ultrices605.als,83,1/6/2023,false
606,morbi606,user/home/morbi606.als,183,1/6/2023,false
607,non607,user/home/non607.als,2304,1/7/2023,false
608,eu608,user/home/eu608.als,1997,1/3/2023,false
609,sit609,user/home/sit609.als,1287,1/1/2023,false
610,tempus610,user/home/tempus610.als,1327,1/7/2023,true
611,odio611,user/home/odio611.als,25,1/8/2023,true
612,tempus612,user/home/tempus612.als,2193,1/7/2023,false
613,amet613,user/home/amet613.als,1640,1/1/2023,false
614,et614,user/home/et614.als,30,1/5/2023,false
615,lectus615,user/home/lectus615.als,1600,1/1/2023,false
616,in616,user/home/in616.als,2927,1/9/2023,false
617,phasellus617,user/home/phasellus617.als,1049,1/2/2023,false
618,consectetuer618,user/home/consectetuer618.als,908,1/6/2023,true
619,est619,user/home/est619.als,1474,1/8/2023,true
620,posuere620,user/home/posuere620.als,2108,1/3/2023,false
621,tortor621,user/home/tortor621.als,72,1/6/2023,true
622,mauris622,user/home/mauris622.als,2372,1/8/2023,true
623,sapien623,user/home/sapien623.als,1895,1/8/2023,false
624,erat624,user/home/erat624.als,16,1/3/2023,false
625,egestas625,user/home/egestas625.als,1412,1/2/2023,false
626,duis626,user/home/duis626.als,707,1/7/2023,false
627,dolor627,user/home/dolor627.als,2695,1/9/2023,true
628,et628,user/home/et628.als,1816,1/9/2023,true
629,lacinia629,user/home/lacinia629.als,1286,1/8/2023,false
630,nulla630,user/home/nulla630.als,802,1/7/2023,true
631,suspendisse631,user/home/suspendisse631.als,2533,1/3/2023,false
632,odio632,user/home/odio632.als,321,1/2/2023,false
633,ut633,user/home/ut633.als,2547,1/6/2023,false
634,rutrum634,user/home/rutrum634.als,1113,1/6/2023,true
635,luctus635,user/home/luctus635.als,1330,1/3/2023,true
636,sem636,user/home/sem636.als,2698,1/8/2023,false
637,non637,user/home/non637.als,1895,1/5/2023,true
638,praesent638,user/home/praesent638.als,2298,1/6/2023,true
639,aenean639,user/home/aenean639.als,2727,1/4/2023,false
640,platea640,user/home/platea640.als,1291,1/3/2023,false
641,in641,user/home/in641.als,990,1/8/2023,false
642,orci642,user/home/orci642.als,2237,1/1/2023,false
643,vulputate643,user/home/vulputate643.als,2719,1/1/2023,true
644,donec644,user/home/donec644.als,2843,1/2/2023,false
645,pulvinar645,user/home/pulvinar645.als,1083,1/2/2023,true
646,donec646,user/home/donec646.als,2768,1/4/2023,false
647,ac647,user/home/ac647.als,1436,1/5/2023,false
648,nisl648,user/home/nisl648.als,2912,1/2/2023,false
649,nisl649,user/home/nisl649.als,495,1/4/2023,false
650,non650,user/home/non650.als,2126,1/7/2023,true
651,mattis651,user/home/mattis651.als,2825,1/9/2023,false
652,mauris652,user/home/mauris652.als,1755,1/5/2023,false
653,ultrices653,user/home/ultrices653.als,882,1/9/2023,false
654,dui654,user/home/dui654.als,0,1/7/2023,false
655,proin655,user/home/proin655.als,2195,1/3/2023,true
656,lorem656,user/home/lorem656.als,753,1/6/2023,false
657,cubilia657,user/home/cubilia657.als,873,1/3/2023,true
658,nibh658,user/home/nibh658.als,2604,1/1/2023,false
659,ac659,user/home/ac659.als,1219,1/6/2023,false
660,nullam660,user/home/nullam660.als,1804,1/6/2023,false
661,nisi661,user/home/nisi661.als,2814,1/9/2023,true
662,iaculis662,user/home/iaculis662.als,2512,1/2/2023,true
663,quisque663,user/home/quisque663.als,1122,1/8/2023,false
664,nunc664,user/home/nunc664.als,2380,1/9/2023,true
665,sit665,user/home/sit665.als,1249,1/5/2023,true
666,integer666,user/home/integer666.als,2334,1/4/2023,false
667,ullamcorper667,user/home/ullamcorper667.als,2244,1/1/2023,true
668,quis668,user/home/quis668.als,2564,1/4/2023,false
669,nisl669,user/home/nisl669.als,1172,1/6/2023,true
670,vestibulum670,user/home/vestibulum670.als,1524,1/6/2023,true
671,at671,user/home/at671.als,1733,1/7/2023,false
672,semper672,user/home/semper672.als,227,1/7/2023,false
673,sit673,user/home/sit673.als,1450,1/8/2023,true
674,integer674,user/home/integer674.als,597,1/4/2023,false
675,rutrum675,user/home/rutrum675.als,2635,1/4/2023,false
676,vel676,user/home/vel676.als,1651,1/7/2023,false
677,praesent677,user/home/praesent677.als,2049,1/3/2023,false
678,eleifend678,user/home/eleifend678.als,1965,1/8/2023,true
679,velit679,user/home/velit679.als,436,1/9/2023,true
680,aliquam680,user/home/aliquam680.als,2068,1/3/2023,false
681,tincidunt681,user/home/tincidunt681.als,2736,1/4/2023,true
682,pretium682,user/home/pretium682.als,844,1/2/2023,true
683,duis683,user/home/duis683.als,563,1/1/2023,true
684,est684,user/home/est684.als,1368,1/6/2023,true
685,at685,user/home/at685.als,289,1/1/2023,true
686,et686,user/home/et686.als,2760,1/7/2023,true
687,velit687,user/home/velit687.als,895,1/2/2023,false
688,leo688,user/home/leo688.als,265,1/4/2023,true
689,suscipit689,user/home/suscipit689.als,2262,1/2/2023,false
690,est690,user/home/est690.als,26,1/5/2023,false
691,in691,user/home/in691.als,1903,1/5/2023,true
692,in692,user/home/in692.als,2842,1/9/2023,false
693,vestibulum693,user/home/vestibulum693.als,2666,1/3/2023,true
694,quis694,user/home/quis694.als,832,1/6/2023,true
695,sapien695,user/home/sapien695.als,1467,1/1/2023,true
696,posuere696,user/home/posuere696.als,993,1/7/2023,true
697,eu697,user/home/eu697.als,2312,1/7/2023,false
698,amet698,user/home/amet698.als,2945,1/8/2023,true
699,sapien699,user/home/sapien699.als,2248,1/1/2023,true
700,libero700,user/home/libero700.als,478,1/4/2023,false
701,volutpat701,user/home/volutpat701.als,2104,1/7/2023,false
702,elit702,user/home/elit702.als,1878,1/5/2023,false
703,luctus703,user/home/luctus703.als,1674,1/5/2023,false
704,luctus704,user/home/luctus704.als,1194,1/1/2023,false
705,non705,user/home/non705.als,694,1/8/2023,false
706,praesent706,user/home/praesent706.als,88,1/6/2023,true
707,interdum707,user/home/interdum707.als,1481,1/8/2023,true
708,auctor708,user/home/auctor708.als,145,1/4/2023,true
709,rutrum709,user/home/rutrum709.als,771,1/3/2023,true
710,quisque710,user/home/quisque710.als,1284,1/6/2023,true
711,enim711,user/home/enim711.als,2254,1/6/2023,true
712,risus712,user/home/risus712.als,1922,1/6/2023,false
713,et713,user/home/et713.als,2576,1/2/2023,true
714,rutrum714,user/home/rutrum714.als,1535,1/4/2023,true
715,adipiscing715,user/home/adipiscing715.als,142,1/3/2023,false
716,justo716,user/home/justo716.als,860,1/8/2023,true
717,at717,user/home/at717.als,2219,1/4/2023,false
718,erat718,user/home/erat718.als,2147,1/4/2023,false
719,ipsum719,user/home/ipsum719.als,2125,1/1/2023,false
720,ipsum720,user/home/ipsum720.als,334,1/2/2023,false
721,hac721,user/home/hac721.als,2657,1/9/2023,true
722,libero722,user/home/libero722.als,2469,1/9/2023,true
723,lobortis723,user/home/lobortis723.als,195,1/1/2023,false
724,odio724,user/home/odio724.als,2922,1/2/2023,true
725,pharetra725,user/home/pharetra725.als,1921,1/6/2023,true
726,pretium726,user/home/pretium726.als,2199,1/6/2023,false
727,magna727,user/home/magna727.als,197,1/1/2023,true
728,eu728,user/home/eu728.als,1411,1/5/2023,true
729,imperdiet729,user/home/imperdiet729.als,2110,1/6/2023,true
730,congue730,user/home/congue730.als,2564,1/5/2023,false
731,ipsum731,user/home/ipsum731.als,1700,1/1/2023,true
732,tortor732,user/home/tortor732.als,740,1/3/2023,true
733,pede733,user/home/pede733.als,1548,1/8/2023,false
734,velit734,user/home/velit734.als,2065,1/3/2023,true
735,bibendum735,user/home/bibendum735.als,1900,1/5/2023,true
736,arcu736,user/home/arcu736.als,1623,1/3/2023,false
737,eu737,user/home/eu737.als,2263,1/5/2023,false
738,ac738,user/home/ac738.als,1529,1/2/2023,true
739,id739,user/home/id739.als,1509,1/2/2023,true
740,volutpat740,user/home/volutpat740.als,382,1/7/2023,false
741,risus741,user/home/risus741.als,996,1/2/2023,false
742,pellentesque742,user/home/pellentesque742.als,1760,1/9/2023,true
743,quam743,user/home/quam743.als,1427,1/9/2023,true
744,at744,user/home/at744.als,2220,1/8/2023,false
745,donec745,user/home/donec745.als,89,1/9/2023,true
746,orci746,user/home/orci746.als,2017,1/9/2023,false
747,in747,user/home/in747.als,221,1/6/2023,false
748,justo748,user/home/justo748.als,907,1/3/2023,false
749,sapien749,user/home/sapien749.als,2737,1/6/2023,true
750,lacus750,user/home/lacus750.als,2442,1/4/2023,false
751,id751,user/home/id751.als,2272,1/3/2023,true
752,aliquam752,user/home/aliquam752.als,1026,1/2/2023,false
753,suscipit753,user/home/suscipit753.als,454,1/7/2023,false
754,risus754,user/home/risus754.als,937,1/3/2023,true
755,mauris755,user/home/mauris755.als,1572,1/5/2023,true
756,sollicitudin756,user/home/sollicitudin756.als,1622,1/7/2023,true
757,sed757,user/home/sed757.als,1094,1/6/2023,true
758,quis758,user/home/quis758.als,1840,1/5/2023,true
759,vulputate759,user/home/vulputate759.als,1080,1/8/2023,true
760,interdum760,user/home/interdum760.als,2136,1/6/2023,false
761,erat761,user/home/erat761.als,1934,1/9/2023,true
762,metus762,user/home/metus762.als,1753,1/7/2023,false
763,tempus763,user/home/tempus763.als,1128,1/7/2023,true
764,non764,user/home/non764.als,1383,1/5/2023,false
765,blandit765,user/home/blandit765.als,137,1/2/2023,false
766,interdum766,user/home/interdum766.als,679,1/5/2023,false
767,curae767,user/home/curae767.als,768,1/6/2023,true
768,nisl768,user/home/nisl768.als,2333,1/8/2023,true
769,amet769,user/home/amet769.als,241,1/4/2023,true
770,amet770,user/home/amet770.als,1301,1/6/2023,false
771,nunc771,user/home/nunc771.als,2554,1/1/2023,false
772,nulla772,user/home/nulla772.als,1759,1/5/2023,true
773,morbi773,user/home/morbi773.als,8,1/8/2023,true
774,massa774,user/home/massa774.als,2205,1/7/2023,true
775,massa775,user/home/massa775.als,1052,1/9/2023,true
776,sed776,user/home/sed776.als,2342,1/4/2023,true
777,in777,user/home/in777.als,569,1/1/2023,true
778,nunc778,user/home/nunc778.als,1663,1/4/2023,false
779,penatibus779,user/home/penatibus779.als,2720,1/5/2023,true
780,libero780,user/home/libero780.als,2568,1/5/2023,false
781,vestibulum781,user/home/vestibulum781.als,2050,1/6/2023,true
782,suspendisse782,user/home/suspendisse782.als,2725,1/2/2023,false
783,adipiscing783,user/home/adipiscing783.als,2023,1/7/2023,true
784,tortor784,user/home/tortor784.als,490,1/2/2023,false
785,justo785,user/home/justo785.als,1605,1/7/2023,true
786,ornare786,user/home/ornare786.als,642,1/7/2023,true
787,rhoncus787,user/home/rhoncus787.als,2431,1/6/2023,true
788,id788,user/home/id788.als,684,1/1/2023,true
789,amet789,user/home/amet789.als,2878,1/5/2023,false
790,augue790,user/home/augue790.als,1531,1/8/2023,false
791,auctor791,user/home/auctor791.als,276,1/8/2023,true
792,vel792,user/home/vel792.als,399,1/6/2023,false
793,eu793,user/home/eu793.als,255,1/4/2023,true
794,duis794,user/home/duis794.als,691,1/1/2023,true
795,blandit795,user/home/blandit795.als,1160,1/3/2023,true
796,in796,user/home/in796.als,490,1/3/2023,true
797,eros797,user/home/eros797.als,2392,1/4/2023,false
798,at798,user/home/at798.als,1908,1/4/2023,false
799,interdum799,user/home/interdum799.als,1766,1/2/2023,false
800,vestibulum800,user/home/vestibulum800.als,2207,1/8/2023,false
801,adipiscing801,user/home/adipiscing801.als,48,1/1/2023,true
802,nam802,user/home/nam802.als,1508,1/6/2023,false
803,id803,user/home/id803.als,691,1/6/2023,true
804,blandit804,user/home/blandit804.als,1207,1/7/2023,true
805,molestie805,user/home/molestie805.als,203,1/4/2023,false
806,nec806,user/home/nec806.als,2014,1/3/2023,false
807,sed807,user/home/sed807.als,218,1/3/2023,true
808,lacus808,user/home/lacus808.als,1100,1/1/2023,true
809,id809,user/home/id809.als,877,1/7/2023,true
810,nascetur810,user/home/nascetur810.als,2211,1/1/2023,false
811,aliquam811,user/home/aliquam811.als,2753,1/8/2023,false
812,at812,user/home/at812.als,203,1/6/2023,false
813,ullamcorper813,user/home/ullamcorper813.als,2110,1/3/2023,true
814,aenean814,user/home/aenean814.als,1888,1/7/2023,false
815,in815,user/home/in815.als,687,1/5/2023,false
816,felis816,user/home/felis816.als,2195,1/5/2023,false
817,ultrices817,user/home/ultrices817.als,483,1/9/2023,false
818,diam818,user/home/diam818.als,660,1/4/2023,false
819,dapibus819,user/home/dapibus819.als,599,1/2/2023,true
820,congue820,user/home/congue820.als,814,1/6/2023,false
821,justo821,user/home/justo821.als,939,1/7/2023,false
822,id822,user/home/id822.als,1362,1/2/2023,true
823,pede823,user/home/pede823.als,1413,1/5/2023,true
824,sed824,user/home/sed824.als,787,1/2/2023,false
825,nulla825,user/home/nulla825.als,1524,1/9/2023,false
826,eget826,user/home/eget826.als,1579,1/4/2023,true
827,pellentesque827,user/home/pellentesque827.als,2448,1/7/2023,true
828,praesent828,user/home/praesent828.als,2511,1/2/2023,true
829,curabitur829,user/home/curabitur829.als,1710,1/6/2023,false
830,orci830,user/home/orci830.als,1799,1/1/2023,false
831,sit831,user/home/sit831.als,496,1/6/2023,false
832,diam832,user/home/diam832.als,2992,1/3/2023,false
833,mauris833,user/home/mauris833.als,2567,1/1/2023,false
834,hendrerit834,user/home/hendrerit834.als,1209,1/2/2023,true
835,primis835,user/home/primis835.als,462,1/4/2023,false
836,magnis836,user/home/magnis836.als,590,1/9/2023,false
837,duis837,user/home/duis837.als,17,1/6/2023,false
838,consequat838,user/home/consequat838.als,2335,1/2/2023,false
839,ipsum839,user/home/ipsum839.als,1732,1/4/2023,true
840,euismod840,user/home/euismod840.als,2256,1/5/2023,true
841,tincidunt841,user/home/tincidunt841.als,1807,1/4/2023,false
842,vestibulum842,user/home/vestibulum842.als,2758,1/5/2023,true
843,mi843,user/home/mi843.als,2994,1/2/2023,false
844,lorem844,user/home/lorem844.als,2821,1/9/2023,true
845,convallis845,user/home/convallis845.als,1647,1/6/2023,false
846,eu846,user/home/eu846.als,2326,1/4/2023,true
847,sapien847,user/home/sapien847.als,1384,1/6/2023,true
848,lectus848,user/home/lectus848.als,1098,1/3/2023,false
849,sit849,user/home/sit849.als,364,1/9/2023,false
850,morbi850,user/home/morbi850.als,101,1/1/2023,false
851,nec851,user/home/nec851.als,331,1/2/2023,false
852,semper852,user/home/semper852.als,1972,1/5/2023,true
853,magna853,user/home/magna853.als,972,1/2/2023,true
854,in854,user/home/in854.als,14,1/6/2023,true
855,ligula855,user/home/ligula855.als,115,1/5/2023,false
856,lacus856,user/home/lacus856.als,1130,1/6/2023,false
857,eu857,user/home/eu857.als,2241,1/9/2023,false
858,nunc858,user/home/nunc858.als,265,1/7/2023,true
859,elit859,user/home/elit859.als,1419,1/4/2023,false
860,nulla860,user/home/nulla860.als,2545,1/4/2023,true
861,primis861,user/home/primis861.als,2472,1/2/2023,true
862,posuere862,user/home/posuere862.als,461,1/4/2023,true
863,non863,user/home/non863.als,1824,1/8/2023,false
864,ac864,user/home/ac864.als,1196,1/4/2023,false
865,amet865,user/home/amet865.als,2232,1/3/2023,true
866,libero866,user/home/libero866.als,1791,1/1/2023,false
867,aenean867,user/home/aenean867.als,2731,1/4/2023,false
868,non868,user/home/non868.als,2679,1/2/2023,true
869,eleifend869,user/home/eleifend869.als,1453,1/7/2023,false
870,molestie870,user/home/molestie870.als,677,1/8/2023,false
871,semper871,user/home/semper871.als,1112,1/1/2023,false
872,aenean872,user/home/aenean872.als,2086,1/1/2023,true
873,porttitor873,user/home/porttitor873.als,2899,1/8/2023,true
874,elementum874,user/home/elementum874.als,2749,1/5/2023,false
875,vivamus875,user/home/vivamus875.als,408,1/7/2023,true
876,sodales876,user/home/sodales876.als,1581,1/3/2023,true
877,pretium877,user/home/pretium877.als,361,1/7/2023,false
878,velit878,user/home/velit878.als,78,1/5/2023,false
879,quam879,user/home/quam879.als,1968,1/7/2023,true
880,quis880,user/home/quis880.als,2046,1/6/2023,false
881,donec881,user/home/donec881.als,2656,1/3/2023,true
882,luctus882,user/home/luctus882.als,2340,1/5/2023,true
883,at883,user/home/at883.als,1975,1/8/2023,false
884,ligula884,user/home/ligula884.als,743,1/4/2023,true
885,morbi885,user/home/morbi885.als,2148,1/6/2023,false
886,quam886,user/home/quam886.als,2649,1/8/2023,false
887,ullamcorper887,user/home/ullamcorper887.als,2827,1/7/2023,true
888,eget888,user/home/eget888.als,2056,1/9/2023,true
889,iaculis889,user/home/iaculis889.als,2296,1/8/2023,true
890,sed890,user/home/sed890.als,2714,1/2/2023,true
891,venenatis891,user/home/venenatis891.als,1702,1/4/2023,false
892,donec892,user/home/donec892.als,891,1/7/2023,false
893,accumsan893,user/home/accumsan893.als,2531,1/3/2023,false
894,donec894,user/home/donec894.als,2125,1/8/2023,false
895,id895,user/home/id895.als,2424,1/6/2023,false
896,sapien896,user/home/sapien896.als,800,1/2/2023,false
897,et897,user/home/et897.als,2798,1/2/2023,true
898,fusce898,user/home/fusce898.als,2334,1/5/2023,false
899,enim899,user/home/enim899.als,2186,1/7/2023,true
900,lorem900,user/home/lorem900.als,817,1/9/2023,true
901,enim901,user/home/enim901.als,921,1/9/2023,true
902,est902,user/home/est902.als,896,1/3/2023,true
903,libero903,user/home/libero903.als,2990,1/7/2023,true
904,sed904,user/home/sed904.als,1180,1/6/2023,false
905,odio905,user/home/odio905.als,986,1/3/2023,true
906,mauris906,user/home/mauris906.als,2016,1/1/2023,false
907,fusce907,user/home/fusce907.als,256,1/6/2023,true
908,ut908,user/home/ut908.als,675,1/1/2023,false
909,ipsum909,user/home/ipsum909.als,1217,1/2/2023,true
910,leo910,user/home/leo910.als,977,1/7/2023,true
911,in911,user/home/in911.als,849,1/4/2023,false
912,vulputate912,user/home/vulputate912.als,2956,1/6/2023,false
913,in913,user/home/in913.als,515,1/7/2023,true
914,quam914,user/home/quam914.als,172,1/9/2023,false
915,porttitor915,user/home/porttitor915.als,1083,1/7/2023,false
916,phasellus916,user/home/phasellus916.als,1327,1/8/2023,false
917,neque917,user/home/neque917.als,648,1/3/2023,false
918,ipsum918,user/home/ipsum918.als,1396,1/7/2023,true
919,quam919,user/home/quam919.als,1359,1/5/2023,true
920,sed920,user/home/sed920.als,135,1/7/2023,true
921,amet921,user/home/amet921.als,1410,1/2/2023,false
922,donec922,user/home/donec922.als,1895,1/6/2023,false
923,sapien923,user/home/sapien923.als,693,1/4/2023,false
924,nec924,user/home/nec924.als,2138,1/8/2023,false
925,cubilia925,user/home/cubilia925.als,338,1/4/2023,false
926,pellentesque926,user/home/pellentesque926.als,716,1/9/2023,true
927,quam927,user/home/quam927.als,2240,1/4/2023,false
928,erat928,user/home/erat928.als,2353,1/3/2023,false
929,at929,user/home/at929.als,1275,1/8/2023,true
930,sagittis930,user/home/sagittis930.als,1091,1/5/2023,true
931,consequat931,user/home/consequat931.als,2695,1/2/2023,false
932,eu932,user/home/eu932.als,567,1/9/2023,true
933,eu933,user/home/eu933.als,44,1/9/2023,true
934,in934,user/home/in934.als,116,1/4/2023,true
935,id935,user/home/id935.als,2160,1/5/2023,true
936,tempor936,user/home/tempor936.als,2925,1/2/2023,true
937,lobortis937,user/home/lobortis937.als,609,1/4/2023,false
938,mauris938,user/home/mauris938.als,1207,1/1/2023,false
939,proin939,user/home/proin939.als,1597,1/2/2023,false
940,cum940,user/home/cum940.als,2354,1/4/2023,true
941,ultrices941,user/home/ultrices941.als,691,1/6/2023,true
942,eu942,user/home/eu942.als,1629,1/6/2023,false
943,elementum943,user/home/elementum943.als,2520,1/6/2023,true
944,turpis944,user/home/turpis944.als,2998,1/7/2023,true
945,volutpat945,user/home/volutpat945.als,2747,1/6/2023,true
946,convallis946,user/home/convallis946.als,385,1/3/2023,true
947,magna947,user/home/magna947.als,2313,1/3/2023,true
948,sit948,user/home/sit948.als,606,1/8/2023,false
949,tellus949,user/home/tellus949.als,2319,1/1/2023,false
950,suspendisse950,user/home/suspendisse950.als,2008,1/9/2023,false
951,amet951,user/home/amet951.als,638,1/8/2023,true
952,id952,user/home/id952.als,2139,1/3/2023,false
953,semper953,user/home/semper953.als,653,1/2/2023,false
954,in954,user/home/in954.als,1313,1/6/2023,true
955,felis955,user/home/felis955.als,1257,1/2/2023,true
956,nec956,user/home/nec956.als,656,1/9/2023,false
957,parturient957,user/home/parturient957.als,149,1/8/2023,true
958,est958,user/home/est958.als,731,1/5/2023,false
959,at959,user/home/at959.als,2238,1/3/2023,true
960,id960,user/home/id960.als,2201,1/4/2023,false
961,in961,user/home/in961.als,1836,1/5/2023,true
962,eu962,user/home/eu962.als,2481,1/5/2023,true
963,vitae963,user/home/vitae963.als,1306,1/7/2023,false
964,pede964,user/home/pede964.als,2051,1/5/2023,true
965,et965,user/home/et965.als,2634,1/1/2023,false
966,erat966,user/home/erat966.als,568,1/3/2023,true
967,enim967,user/home/enim967.als,2576,1/9/2023,false
968,est968,user/home/est968.als,2609,1/1/2023,true
969,libero969,user/home/libero969.als,2639,1/9/2023,false
970,tristique970,user/home/tristique970.als,685,1/4/2023,false
971,eget971,user/home/eget971.als,2399,1/7/2023,false
972,eget972,user/home/eget972.als,2197,1/3/2023,true
973,cras973,user/home/cras973.als,1041,1/7/2023,false
974,pharetra974,user/home/pharetra974.als,415,1/1/2023,true
975,lacus975,user/home/lacus975.als,110,1/4/2023,false
976,nec976,user/home/nec976.als,1856,1/6/2023,false
977,vestibulum977,user/home/vestibulum977.als,1251,1/9/2023,true
978,tortor978,user/home/tortor978.als,845,1/3/2023,false
979,semper979,user/home/semper979.als,161,1/9/2023,true
980,neque980,user/home/neque980.als,2859,1/5/2023,false
981,potenti981,user/home/potenti981.als,60,1/4/2023,false
982,morbi982,user/home/morbi982.als,346,1/7/2023,false
983,iaculis983,user/home/iaculis983.als,2622,1/4/2023,true
984,molestie984,user/home/molestie984.als,2345,1/2/2023,true
985,est985,user/home/est985.als,2949,1/7/2023,false
986,volutpat986,user/home/volutpat986.als,1522,1/5/2023,true
987,vestibulum987,user/home/vestibulum987.als,714,1/2/2023,false
988,cras988,user/home/cras988.als,1982,1/3/2023,true
989,vulputate989,user/home/vulputate989.als,2409,1/7/2023,false
990,velit990,user/home/velit990.als,864,1/7/2023,false
991,ut991,user/home/ut991.als,1064,1/6/2023,false
992,suspendisse992,user/home/suspendisse992.als,2010,1/8/2023,false
993,a993,user/home/a993.als,336,1/8/2023,true
994,mauris994,user/home/mauris994.als,2946,1/8/2023,false
995,ac995,user/home/ac995.als,513,1/8/2023,true
996,augue996,user/home/augue996.als,2664,1/6/2023,true
997,aliquam997,user/home/aliquam997.als,187,1/6/2023,true
998,leo998,user/home/leo998.als,336,1/6/2023,true
999,sit999,user/home/sit999.als,2488,1/8/2023,true
1000,nullam1000,user/home/nullam1000.als,430,1/3/2023,false
